{"cameraMode":{"drawMode":0,"name":"Shaded","section":"Shading Mode"},"sceneLighting":true,"audioPlay":false,"sceneViewState":{"showFog":true,"showMaterialUpdate":false,"showSkybox":true,"showFlares":true,"showImageEffects":true,"showParticleSystems":true},"in2DMode":false,"pivot":{"x":-1.93426513671875,"y":-0.9853515625,"z":1.3837890625},"rotation":{"x":0.451874315738678,"y":0.010705377906560898,"z":-0.00542161799967289,"w":0.8920104503631592},"size":9.562060356140137,"orthographic":true}